-0.35285392,-0.5320698,-0.5900149,-0.20650133,-0.24664517,-0.41724175,-0.59703654,0.573587,0.8687542,-0.06264249,-0.0022713405,-0.99065673
-0.2847846,-0.42220497,0.75296986,-0.1500269,1.0451093,-0.37534449,-0.6148683,1.2929294,-0.080618724,0.13316943,-0.06318802,0.21349798
-0.25304523,1.3621185,1.2875572,0.99493045,0.094801605,1.4095204,-0.011732131,-0.16744998,-1.794099,-0.0800056,0.24460098,1.9069631
1.3686333,1.1025283,0.45630813,0.8386704,-0.458092,1.0019829,1.3095559,0.19511801,-2.2518182,-0.84533775,1.0511098,1.7284448
-0.8242086,0.30910382,0.2371022,0.19949841,-0.06094298,0.38962242,-0.40156606,-1.5085496,-0.1965711,0.3742701,-0.38226312,0.5664857
0.59725016,0.8186717,0.626614,0.163561,0.34668055,0.44298005,1.3460288,-1.8848163,-0.24608354,0.8084297,-0.879598,1.0937268
-0.035003193,0.6940224,1.7346538,1.3554935,1.1008474,0.5422536,0.5665534,-1.6896354,0.56290597,-0.08358497,0.14157414,-1.2164457
0.60545504,0.23071218,1.2860376,0.8438385,1.0464764,0.039237913,0.9081345,-0.87857115,-0.50282836,-1.7217802,1.8757739,-1.5514826
2.0222192,-0.00014470155,-2.5158908,-1.814889,-1.6466364,-0.5250486,1.8714843,1.2867887,0.20567402,0.35774273,-0.3868114,0.18496147
1.7204251,0.87686926,-1.713367,-1.8271179,-1.3692925,0.34053135,1.6118851,1.1682758,0.5280366,-0.2688695,0.2903839,-0.98177284
0.27102837,-0.023993408,0.7173775,0.06591055,0.51460963,0.16165791,-0.06592739,-0.3599025,-0.12365631,0.05172413,-0.020432316,0.19475177
0.977458,1.224043,2.7438648,2.1889617,1.4505664,1.1430297,1.0806973,-0.38280705,-0.96621245,-1.0456561,1.1537372,0.05690135
-0.45426208,-0.10147604,1.6673846,0.73600936,1.3754147,-0.024235634,-0.15791711,-0.8385918,-0.43544155,-1.1143407,1.1918726,-0.83059657
-1.3503802,0.5329344,1.205268,0.7514413,0.5022211,0.7389155,-0.89457446,-1.4707209,-0.04321751,-0.14035626,0.088263266,-0.067458145
-0.34996665,-0.8574588,-0.6245553,-1.0191026,0.1635949,-0.7662123,-0.7648515,0.75329953,-0.34036374,-0.99113446,1.1081672,-0.56861174
0.006723907,-2.3558881,-1.6118498,-2.4333053,0.6923613,-2.594165,-0.12487267,0.6301488,0.76923853,-0.14540812,0.12965536,-1.0548549
1.1407038,1.8196795,0.41440377,1.7863493,-1.4383656,2.0680695,0.84372157,-0.68364936,0.4717957,-0.24852629,0.21276608,-0.72438
0.6291765,2.594297,1.2203758,2.039083,-0.87738895,2.4930456,0.92622876,0.12386779,1.4148227,0.9514641,-1.0536857,-0.77651286
-0.24631514,0.07307996,0.23003046,0.5303477,-0.21642046,0.43700182,-0.6496127,-0.09202303,0.49153116,0.4512418,-0.48885572,-0.00050840504
0.76415193,0.9165731,0.14933099,0.20150991,-0.38559052,0.7795725,0.9476706,-0.7410403,2.0576663,2.0142958,-2.21495,-0.38583168
1.2119305,-0.059238434,0.040129256,-0.36572173,0.69776684,-0.70380044,1.7375605,0.12161361,1.7759709,0.9329235,-1.0655228,-1.1712159
1.266955,-0.2180043,1.1897804,-0.06172779,1.5443534,-0.5448934,1.2782027,0.2737034,1.112083,-0.21756905,0.09937152,-1.2298316
-1.6697265,-2.3324578,-0.026860133,-1.0460842,1.3885183,-1.8814148,-2.09234,-0.25528005,0.12330258,0.43883455,-0.38010564,0.061745476
-0.8230454,-0.8367448,0.38670132,-0.32951984,0.81748784,-0.6942005,-0.63799477,-0.5804235,0.40385672,1.6605493,-1.7245834,0.9697124
0.7582527,0.3230263,0.12668687,0.5702377,-0.23145919,0.25845084,0.6241837,0.9364063,1.1844804,0.8190578,-0.88315505,-0.5263232
0.8042,-0.70890874,-0.3961561,-0.79512167,0.3451872,-0.84395427,0.5491374,0.41491348,1.5544432,0.7273379,-0.8172052,-0.9808124
-1.2757471,-1.4304744,0.033058118,-0.4105616,0.94631624,-1.2249246,-1.1287278,-1.6771208,-0.075559095,0.017762478,-0.016378824,0.0149014285
-1.5120059,-1.1835269,-1.5193622,-1.1327795,-0.4165514,-1.1512507,-1.0717537,-1.419056,-0.5848991,-0.8505581,0.82565016,-0.21148527
0.4627525,-0.004148001,-0.90505725,-0.50128466,-0.7098174,0.004124301,0.0773192,0.34513757,-0.4162992,-0.6340636,0.70025223,-0.113525346
-0.12305919,1.2396634,-0.8150535,0.0020040327,-1.6957068,1.3779423,-0.40977082,1.1243582,0.9104134,0.32274497,-0.33581838,-0.765288
0.04885066,0.5458121,0.6016876,0.03005564,0.031859737,0.71934354,-0.10964461,-0.37179524,-0.46941105,0.6628437,-0.69475204,1.3819131
-1.5661789,0.18058604,-0.009031793,0.6814639,-0.56416243,0.60461587,-1.6433312,-0.28875333,-0.70010096,-0.75940007,0.7848616,0.3128445
0.061857987,-0.18985896,-1.8191799,-1.1759937,-0.9235148,-0.55722195,0.26665252,0.09466709,-0.4399408,-1.4662848,1.5130792,-0.7870775
-0.09544095,0.47439736,-0.9734368,-0.5379961,-1.0322775,0.39619598,-0.023466052,0.24069129,-0.103374824,0.346506,-0.39188448,0.5891456
0.94590557,1.0128027,0.45753545,1.5788436,-0.5742794,1.0344788,0.43177631,2.5863621,1.6201122,1.5365003,-1.7005882,-0.18501966
1.5615413,1.2698853,-0.46143806,0.67156416,-1.0290805,0.825538,1.5674483,2.1591043,1.3144685,1.5015025,-1.6979643,0.13766374
1.038631,-0.91199934,-0.58612835,-0.27308175,0.1918404,-1.0226814,0.82715887,-0.8277614,1.3012365,0.32934657,-0.29335338,-1.5646884
0.70335275,-0.37581414,-1.107595,-0.56145936,-0.59083253,-0.5107107,0.48702177,0.5317163,0.50417006,-0.05079241,0.07530364,-0.7753123
0.82825387,0.59437096,-2.6424806,-2.6575046,-1.6885345,-0.091787286,1.1399903,0.5282184,1.2300662,1.1324458,-1.170162,-0.34726477
-0.5769406,1.0869341,-1.911843,-1.926382,-1.8559588,0.81010866,-0.124260046,-0.092445366,0.7109116,0.836662,-0.84306616,-0.10191024
1.1695559,-0.15799138,-0.7490702,0.3031154,-0.7046222,-0.14711207,0.43168882,2.5804288,0.4677873,-0.24080102,0.18913262,-0.21686362
2.031982,0.23390155,-0.32847795,0.66382396,-0.40843257,-0.011972302,1.7557422,0.641031,0.5484674,1.0919702,-1.1792294,0.6181083
1.1797341,0.32093662,1.0638628,1.5347558,0.3398027,0.42839414,0.62223643,1.4163651,-0.5145264,-0.85435057,1.0057147,-0.19944699
0.5337506,0.15665922,1.793653,1.1314882,1.3872143,0.061766703,0.5007183,1.319565,-0.3911237,-0.34989107,0.39519802,0.21114494
0.5557065,-0.9920601,-0.038654134,-0.39209667,0.4502901,-0.74686366,-0.2331166,0.69904375,-0.5115406,-1.0524215,1.1285176,-0.38220006
-0.18011737,-1.8560113,0.85869503,-0.43060365,1.9993017,-1.778222,-0.33973488,-0.03757812,-0.3536366,-0.3009176,0.37855023,0.019328188
1.3525766,-0.119468175,-0.37619746,-0.49063277,-0.06722139,-0.326055,1.0220823,1.2204847,-0.95784783,-1.0060699,1.013091,0.35552323
0.45444375,-0.91884303,0.930026,0.46764955,1.3971632,-0.93266046,-0.025264539,1.8450998,-0.7436825,-2.1797943,2.2557578,-1.0082744
-0.5801602,-0.116691515,1.9208857,0.5220737,1.746146,-0.06582534,-0.28438002,-0.48815754,1.1623113,1.4297513,-1.5630909,0.047096055
0.9721404,0.026111314,1.5001181,0.6916305,1.0693606,0.16000831,0.48015165,0.74451596,-1.2050829,-0.7888029,0.9017169,0.58578414
0.24664223,0.720065,-1.0618918,0.7760207,-1.8531404,0.9712483,-0.14240463,0.3488945,0.24257828,0.25223443,-0.24000752,0.035658944
2.0446944,2.0824044,-0.5646502,0.8713054,-1.8969525,1.8007604,2.2051888,-0.8343685,-0.8889477,0.5260832,-0.44935,1.4200898
-1.3909476,1.5770679,1.9532635,2.0220497,0.26547137,1.8906076,-1.2258722,-0.063871704,0.895668,0.5762271,-0.6198224,-0.35725915
-1.9284397,0.29528582,1.8356159,0.84650755,1.4170394,0.4079292,-1.6390427,0.55117476,1.151104,-0.23305236,0.13448352,-1.2976912
-0.5108654,-0.12107983,0.24168713,0.0926519,0.4120097,-0.22415696,0.07442236,-1.7383982,-0.73683137,-0.01396165,-0.036506336,0.9993654
-1.2783643,1.348849,0.57626444,1.0778162,-0.5893392,1.4523107,-0.48919305,-1.8989373,0.07520945,1.2968066,-1.4331739,1.3946986
-0.010737527,-1.376613,-0.09300122,-2.0240445,1.4340553,-1.6217706,0.065530576,-0.041456867,-0.13093899,0.2515087,-0.20462438,0.22158952
-0.28999835,0.58026564,0.08344708,-0.22554858,-0.14318493,0.47825417,0.08599219,-0.6136661,0.18747856,0.77116114,-0.85618615,0.5998603
-0.71062815,-0.70614,-0.9950026,-1.9034283,-0.33111453,-0.4624383,-1.1294935,0.36666885,0.8794093,0.4681203,-0.4829955,-0.57572484
-0.23997973,-2.3110125,0.14005302,-1.7254275,1.6810062,-2.1260514,-0.7122753,1.0578729,-0.48393142,0.3072242,-0.2070093,0.73768073
0.03996322,-1.1287512,-0.0881825,-0.72084963,0.7114174,-1.018241,-0.20198222,-0.7160629,-1.3591216,-0.74701625,0.912417,0.7743567
-1.5325907,-1.7684798,-0.4088092,0.03142316,0.44616762,-1.3830379,-1.5319213,-0.9578302,-1.434198,-0.22314999,0.28778908,1.5562894
-0.5269012,-0.07946912,0.6065969,0.6843513,0.50617534,-0.08074862,-0.36434922,0.5128019,-1.1209464,-0.8135705,0.89836407,0.49910617
0.40280494,-1.34916,0.45432103,-0.7892741,1.447769,-1.5236381,0.79027015,-1.0688032,-1.9864428,-0.028089512,0.12611297,2.1817935
0.64307284,-0.30405983,-0.14268446,-0.046373527,0.22031304,-0.570642,0.766181,0.9604509,-0.16862448,-1.0679657,1.1018113,-0.76891947
2.096894,0.20384677,-0.77233094,0.13864915,-0.7066414,-0.043326322,1.7712984,-0.028833458,-0.93353134,-2.5740871,2.6761513,-1.3390493
-0.29560673,1.5668024,0.45624968,1.3819412,-1.0384402,1.7636259,0.01955409,-1.6742966,0.7655777,0.40856558,-0.5639312,-0.31548083
-1.4665364,0.612081,0.7253551,0.58566964,-0.078606665,0.98469317,-1.3327532,-1.2401727,0.71050256,0.2303415,-0.33780098,-0.41092268
0.64411145,0.43312618,-1.8621361,-1.0384654,-1.8583777,0.4208283,0.42245573,-0.14984404,1.3726931,1.8745389,-1.9138026,0.07390981
-0.4706926,-0.507281,-1.0447092,-0.9737532,-0.37824994,-0.5498297,-0.44847548,0.07429138,0.4299525,0.63475186,-0.6013669,0.015875475
-0.20184264,2.4056513,0.72228676,1.4764009,-0.92149556,2.1557589,0.6738719,-1.0113864,0.44805187,0.43438667,-0.3815051,-0.48352447
-2.7485538,1.253403,0.7767566,0.79856193,-0.321292,1.5878011,-2.0997791,-1.8548641,1.2826668,1.5064186,-1.5448978,-0.3443835
-0.39952826,0.36688343,-0.31468517,-0.76073956,0.0006569727,-0.028737921,0.20881873,-0.034406725,0.11402181,-0.80083555,0.79643637,-0.96625596
-0.06277099,0.40690073,-0.8281742,-0.22093843,-0.8190639,0.1613925,0.47229698,-0.59190166,0.7957024,0.62033135,-0.6855972,-0.45879364
-0.4642533,-0.32344162,1.2391655,0.5117372,1.3011465,-0.32724568,-0.35082772,0.273237,1.162025,0.2727649,-0.30555496,-1.2166557
0.29119784,0.07912174,0.7167638,-0.22127812,1.043679,-0.25163704,0.6241181,-0.62646574,1.6167991,0.5349555,-0.5951276,-1.5030113
-0.9310382,-1.0369881,-0.399692,-1.0199276,0.18700485,-0.67433095,-1.4361769,0.7205491,-0.11457801,-0.16922066,0.19082947,0.07650895
-0.086022995,-0.2169438,0.21075273,-0.3137725,0.18449561,0.05808798,-0.6249547,0.23886205,0.64485407,-0.33895865,0.3170029,-0.9029883
-0.6875714,-0.8915205,0.31984138,-0.6495134,0.92515683,-0.7520481,-1.0017397,0.84149754,-0.9209743,-1.476983,1.5591449,-0.1643286
-0.54923093,-2.6136498,-1.5789751,-2.605337,0.45214105,-2.3243754,-1.4601567,1.6748704,-1.5120969,-0.95461506,1.0177851,1.1993431
-0.71027505,0.26013485,0.75495696,0.54840016,0.17153284,0.682209,-1.3436053,0.8470164,1.1441097,0.061102126,-0.04997473,-1.1462148
0.104143225,0.4042364,0.76033384,1.1648998,-0.073703825,0.6967949,-0.6010405,2.4847946,-1.1843659,-2.4734247,2.699738,-0.94542694
-0.2698289,0.9612922,0.3853279,1.8999776,-0.90384877,1.3091305,-0.6616464,1.1497501,-1.1942642,-1.9527186,2.0860727,-0.19910485
0.56746334,1.7822483,-0.07412964,1.7365837,-2.1991367,2.427558,-0.47748753,1.2559816,0.67958033,0.9358965,-0.8339988,-0.02516361
1.0570765,-0.2014175,0.94121796,0.2997427,1.1284429,-0.46362895,1.3477354,-1.0462356,-0.11371087,-0.19101992,0.18738912,-0.078623034
1.4748397,-0.63182575,0.432463,-0.012144305,1.0002033,-0.9558292,1.551345,0.033957105,-0.88677984,-1.1140363,1.1113743,0.20112355
0.18670924,-1.6389198,-0.434846,-0.401317,0.67359966,-1.5439047,-0.32778874,0.9202384,0.35244232,-0.46757254,0.41581097,-0.62752753
0.045952987,0.22665036,1.7651908,2.4558902,0.8001565,0.37387058,0.49225095,-1.4451476,1.106827,0.9450498,-1.1290526,-0.40957206
-1.0499778,0.23541656,-1.1133809,-1.5302966,-0.8069908,0.23957847,-1.0725634,0.68518186,-0.6293397,-0.7362477,0.7387959,0.22237587
0.3414449,0.52697885,-0.41284186,0.07921935,-0.35423002,0.11431322,0.8924907,-0.069494195,1.3815689,1.2659525,-1.3991786,-0.30449605
1.3172437,0.12646078,-0.7285564,0.07181155,-0.5656768,-0.18253501,1.2859478,0.8483896,0.17335086,-0.044757348,0.019689474,-0.16080806
0.9436207,-0.47431633,-1.5199758,-0.32054216,-1.2470685,-0.34924856,0.3654599,0.7631194,0.14910387,0.47301298,-0.5081567,0.51087135
-0.53240573,1.525714,0.7670841,0.94916856,-0.33895993,1.3880632,0.48544648,-2.2918642,-1.4737508,0.53863084,-0.53949887,2.1657066
-0.99827665,1.5155269,0.5532083,0.5150614,-0.41535252,1.3692851,0.05671318,-2.0699441,-2.8813071,-0.047486942,0.21402268,3.013848
-0.2224483,-0.20400086,-1.0724117,0.03881203,-1.1218579,0.063711494,-0.62033814,0.39838284,0.36393592,0.28507847,-0.31564277,-0.08388434
0.47232828,0.19538355,0.119907364,-0.24398921,0.15776661,0.11003667,0.08786287,1.4356682,-0.27618775,-0.6660883,0.8241341,-0.50969595
-1.5466325,-2.1811128,-1.9200835,-2.3039298,0.17331646,-2.2606735,-1.3658785,0.55239254,-0.41065463,-0.33156115,0.30837288,0.31791675
-0.37163168,-1.4204962,-0.18407743,-0.6867587,0.5146938,-1.0522997,-1.0465925,1.1616948,-0.28575894,0.10949736,-0.13933933,0.56135345
0.06308145,-0.68853444,-0.7477552,-1.0409887,0.10989714,-0.9259876,0.3296871,0.04453102,0.4224878,0.11610597,-0.1769237,-0.3696546
-0.32967255,-0.4119133,0.116330594,0.1271189,0.28486395,-0.2846042,-0.6238607,0.78783774,-1.0017772,-1.0190624,1.1605014,0.16316892
1.1896838,0.13501799,0.2882407,0.5451245,0.27809128,-0.15477712,1.2848101,0.44406235,1.1799606,0.299616,-0.4086489,-0.9673365
1.2042865,-0.8267405,0.78946817,-0.37135094,1.5988716,-1.1922302,1.2003776,0.9321052,0.66006976,0.015324645,-0.08027315,-0.57911634
0.5821283,1.1936905,-0.8441878,-0.4912879,-1.2616025,0.9494687,0.8150158,-0.25904998,1.1605934,0.93924415,-1.0828996,-0.32319424
-0.9809737,0.9060986,-1.8017052,-1.8008643,-1.6961906,0.70746154,-0.50192684,-0.26797342,1.8143989,1.826455,-1.9713266,-0.40666077
-0.90717137,-0.42850012,-0.95233846,0.12155517,-0.8721307,-0.08209807,-1.352948,0.86059326,-1.7108828,-0.34769055,0.5561365,1.5765783
-0.24916089,-0.7550123,-0.16071737,-0.52416563,0.36550528,-0.69310904,-0.3599733,0.21119523,-1.6650312,-0.8448227,0.9920407,0.95770717
-1.0510164,1.6590878,0.79227346,0.7959414,-0.4394145,1.7181813,-0.49470663,-1.4131745,0.8377297,0.034036323,-0.13624883,-0.9107317
0.5353293,0.84126633,-0.44299898,0.36295038,-1.3653803,1.1614357,0.33366913,-1.9212458,-0.7599413,0.012145559,-0.007093664,0.8515806
-1.3900336,-0.087446466,-0.52075875,0.36615324,-0.80364656,0.33690968,-1.4532428,-1.1471035,-0.83892393,-0.5174824,0.60091937,0.45060492
-4.206529,-0.96878636,-0.08977218,0.5350064,0.18802078,-0.49910152,-3.2405925,-2.5022025,-0.9668055,-1.4663081,1.525062,-0.40633065
-0.8674763,-1.1899787,-0.6646478,0.3169944,-0.42986542,-0.6618535,-1.5364722,1.3243066,-1.218233,-0.24658327,0.423129,1.0742482
-3.4429564,-2.616262,-0.24015445,-1.2942563,1.3392376,-2.0839558,-3.595039,1.1314576,-0.29866368,0.2031158,-0.106137015,0.43805942
0.61193585,0.88402635,-0.16283303,-0.705636,-0.17590839,0.55465657,0.6504828,0.06046315,0.8211642,0.55270016,-0.49978906,-0.6979084
1.0536698,-0.47951442,0.531847,-0.60571694,1.1874831,-0.7982616,1.2978284,-1.2165167,-0.3013223,0.4095722,-0.386549,0.6646287
-0.5793294,0.41254288,2.1841757,0.5909107,1.9250755,0.21858764,-0.18826821,0.6736519,0.3458161,0.91183114,-0.80781716,0.19440661
-0.80717564,0.4280065,2.945,1.57501,2.035542,0.6926771,-0.9080959,0.33710542,0.7150018,0.1449844,-0.15791722,-0.5613786
0.95814013,0.9112444,-0.54898715,0.50538003,-1.191604,0.767492,1.0156935,0.630097,1.9159188,2.355331,-2.5858958,0.07026921
1.483917,-1.3773445,-0.22266799,-0.86495346,1.0360439,-1.6617826,1.4049281,-0.44242623,0.27069873,0.5330593,-0.6359745,0.29080886
0.14003074,-0.61633605,0.32714686,-0.016504545,0.922086,-0.856779,0.6080586,-0.80726653,0.9675337,1.5888214,-1.8487858,0.7888531
-2.1488707,0.30306986,0.23225719,0.88071984,-0.20547056,0.446825,-1.294508,-1.7445648,0.08299524,0.51847494,-0.6382778,0.6421188
0.25214678,2.6207316,-0.70205206,0.28137484,-2.262657,2.440953,0.6154757,-0.038073007,-3.7989542,-1.7000325,2.039453,2.5814486
0.85390705,1.3686749,-0.97989476,0.34271422,-1.9800967,1.49525,0.42877883,-0.21135466,-1.5207069,-2.8229342,2.9034185,-0.7484505
1.2172481,-1.7929813,0.026777433,-0.7247804,1.4555933,-2.1027586,1.4626458,-1.0856189,-0.50847286,-0.53408,0.6094911,-0.19613954
-1.698994,-0.60131645,-0.42780355,-0.6425011,-0.18996069,-0.15220968,-1.8118681,-1.3293035,0.63162214,0.46367243,-0.5097894,-0.23808892
0.13926634,0.18225777,1.4929003,0.8104755,1.1828978,0.063547775,0.5017685,-0.39907858,-1.3456237,-0.11137718,0.16922233,1.3503993
-0.20340052,-0.62391114,0.07780723,0.42943373,0.31942153,-0.5646885,-0.25567424,0.71790624,-0.5430764,0.10016385,-0.02951251,0.6491119
-0.15976302,-0.2903986,-0.44837582,-1.3245379,0.27060345,-0.46983045,-0.03446701,-0.33907077,-0.41509253,0.20596011,-0.10972022,0.5468271
-0.6498498,0.4845584,0.24167836,-0.2814771,0.19732796,0.31865248,-0.32807317,0.413618,0.46255174,0.18434577,-0.16129926,-0.38307044
-0.095993474,-0.65504736,0.0332241,-0.4664901,0.25350344,-0.4107426,-0.33444008,-0.28421906,1.0339389,0.9442538,-1.1035999,-0.09462606
-0.03398953,-0.09602199,-0.67952186,-1.0956312,-0.20912193,-0.22676408,0.030122712,-0.2704349,-0.038059708,-0.39959022,0.40881366,-0.2635971
0.8735572,1.1559718,1.0407481,1.3358154,-0.076877736,1.0447484,1.2633903,-0.5702667,-0.5738146,-0.25421488,0.22346616,0.5317905
0.97367746,-1.5353502,0.7614443,-0.6143549,2.1074123,-1.8743203,1.2274643,-1.041209,-1.7331747,-0.5315049,0.64995897,1.4002811
0.25561565,-0.12498492,2.0861652,1.8281803,1.4792978,0.09289077,0.02667452,0.14142966,0.5493468,1.1668818,-1.2068397,0.45237568
-0.79215765,0.9379923,-0.5083978,-0.03811649,-1.0104661,0.97576296,-0.75811267,0.44859666,1.3732861,0.5654352,-0.6054778,-1.0264624
1.2289842,-0.10894926,-0.5378828,-0.0015554973,-0.78980666,0.11762234,0.66063476,0.039426733,0.6037062,1.1770651,-1.28865,0.5082602
0.38514885,0.035149693,-0.35933638,0.09407377,-0.4051304,-0.00016514961,0.2987496,0.63064104,0.12329645,-0.020043539,0.12471641,-0.41554466
0.25561565,-0.12498492,2.0861652,1.8281803,1.4792978,0.09289077,0.02667452,0.14142966,0.5493468,1.1668818,-1.2068397,0.45237568
-0.79215765,0.9379923,-0.5083978,-0.03811649,-1.0104661,0.97576296,-0.75811267,0.44859666,1.3732861,0.5654352,-0.6054778,-1.0264624
1.2289842,-0.10894926,-0.5378828,-0.0015554973,-0.78980666,0.11762234,0.66063476,0.039426733,0.6037062,1.1770651,-1.28865,0.5082602
0.38514885,0.035149693,-0.35933638,0.09407377,-0.4051304,-0.00016514961,0.2987496,0.63064104,0.12329645,-0.020043539,0.12471641,-0.41554466
0.833156,-0.32197884,0.5091123,0.7184908,0.27701858,-0.13341172,0.20596784,1.28412,-0.3500167,-0.94480634,0.95125216,-0.22155468
1.5166327,0.80203265,-0.34960547,0.19969738,-0.7975679,0.54781014,1.7351538,-0.33679068,0.51556134,0.640932,-0.7977294,0.19103312
-0.95000285,-0.15340453,-1.0309165,-0.60792494,-0.8403915,0.021384303,-0.8780555,-1.0331509,-0.55246353,0.1879345,-0.15087616,0.7478852
-0.21833548,1.1591586,-0.37771702,0.46129236,-1.3165202,1.2621481,-0.0655992,-0.3693338,0.47337046,0.018317059,-0.077759944,-0.5135076
0.7046821,-0.2845736,0.24342877,1.3452784,0.05018176,-0.20237732,0.4138571,0.73083544,-0.7341932,0.30846494,-0.27471134,1.2878819
0.020585312,-0.9316684,0.22778039,0.94341797,0.41388166,-0.79555774,-0.059116337,0.42942315,-0.020357117,-0.04163915,0.057335082,-0.07877911
-0.9310382,-0.61834735,-0.9621571,-0.7289295,-0.67300934,-0.25419205,-1.3259047,0.17013288,-1.6177479,-2.0543878,2.1490486,0.07627185
-0.41566798,0.26450488,-0.8498862,0.026322624,-1.0024103,0.2615739,-0.22941898,0.11951748,-0.82458764,-1.7543199,1.777753,-0.58478886
1.5387132,1.2477086,0.51361245,0.013681809,-0.063532166,0.9812203,1.4656215,-0.25638902,-0.052136295,0.5449749,-0.550578,0.59691906
-0.3368804,0.92563707,0.34885883,0.9049111,-0.43140084,0.9151868,-0.19917728,0.9137349,0.49819827,0.22455926,-0.20483138,-0.45519203
0.62138706,-0.03228682,-2.1590903,-0.53331316,-2.0805936,0.061722055,0.5357034,-1.210972,0.48410738,0.94687575,-1.0585546,0.42167222
1.5491406,-0.8784339,-0.59372604,0.14828196,-0.1151792,-0.95049596,1.3172572,-0.1568631,-0.28189364,-0.49142718,0.5191673,-0.24743801
-0.90380627,-2.0491498,0.050669923,-1.249101,1.3998133,-1.8365159,-1.0434419,-0.1995785,-0.92463505,-0.8390873,0.81518334,0.5302598
-0.6063535,-0.34104714,-0.8445385,-1.2380852,-0.118210085,-0.63885844,0.1073421,-0.5424911,0.42909354,0.51470596,-0.60436994,-0.04378377
-0.040489037,0.38420162,1.5011408,1.562708,0.8903468,0.41559428,0.00994269,-0.29295078,0.45367593,-0.88494724,0.8546016,-1.3946338
0.28010565,-0.26790842,0.8912776,0.48975402,0.81431186,-0.17471865,0.24774875,-0.9742831,-0.7669152,-1.0244936,1.0827143,-0.18968672
0.26224187,1.9198273,1.0863637,1.1026384,-0.41238683,1.8821487,1.024489,-0.3691006,1.7068254,2.052571,-1.5262965,0.13013344
0.026033621,-0.27023318,-0.9354481,-0.7362815,-0.33902302,-0.4545748,0.14177807,0.3112471,-1.7922583,-0.22076216,0.34061888,1.9389871
-1.047776,0.018509328,0.3635575,0.1256388,0.20696539,0.19361547,-1.2966083,0.5016605,2.0576663,0.5965469,-0.5003722,-2.5483994
-0.12281824,0.016980467,1.0220168,0.74867517,0.79073364,0.05798379,-0.55813503,1.1978651,-1.9706749,-3.7415378,2.9034185,-3.249897
0.04528206,-1.4166826,-1.4344138,0.40191838,-0.73011446,-1.0839025,-0.9955697,0.44450286,-0.68795294,-0.028119944,0.02983268,1.30643
-1.3330148,-0.5922525,0.6473908,2.4558902,-0.09941061,0.0034860433,-1.776139,-0.29103342,-1.48913,-0.12016759,0.13841368,2.5579784
-0.63123816,-0.00093303237,0.27337548,0.20354809,0.10207278,0.11306052,-0.73192304,0.44118634,-0.2288227,-0.9044476,0.68348783,-1.212574
0.6512154,-0.6955087,-0.2647886,-0.6117344,0.9877937,-1.5104661,2.2051888,-2.656808,0.10252003,0.82502735,-0.636441,0.6002205
0.5699144,-0.6006112,-0.6179511,-1.0551347,0.17250668,-0.7668572,0.28231817,0.8219354,0.71054345,-0.040890034,0.013467101,-1.4042679
-0.38544494,0.99804443,-0.25375438,0.32274497,-0.9266908,1.0143859,0.2777454,-0.64543194,1.3935738,2.355331,-1.8072101,1.6966308
0.24809626,0.121996686,-1.1685228,-1.133483,-0.6272831,-0.11671481,0.6977422,-1.3923169,-0.6063116,-0.90287924,0.72392654,-1.0860685
-0.12281824,0.016980467,1.0220168,0.74867517,0.79073364,0.05798379,-0.55813503,1.1978651,-1.9706749,-3.7415378,2.9034185,-3.249897
0.24809626,0.121996686,-1.1685228,-1.133483,-0.6272831,-0.11671481,0.6977422,-1.3923169,-0.6063116,-0.90287924,0.72392654,-1.0860685
-1.3060739,0.9941785,-2.0120158,-1.2009612,-2.0456994,0.90915895,-0.52273417,-0.38127834,-0.6323869,-0.33144405,0.2779112,0.09685186
1.1486595,1.0414835,0.16374037,-0.36181518,-0.6004868,1.2242197,0.43109807,1.5574718,1.0309529,-0.4488446,0.3160116,-2.417602
-0.2845561,-0.26448658,0.81340104,1.0563912,0.4536765,-0.11948068,-0.15467021,-0.72549427,0.5071559,0.46158895,-0.38284627,-0.2932711
1.1497812,0.557018,0.97070307,-0.2991413,0.7990627,0.2116767,1.709511,-0.5789725,0.49130622,0.8918391,-0.6575204,0.40591532
-1.0004785,0.38798916,-0.74290437,0.40303454,-1.2204195,0.73603797,-1.1052291,-0.33132365,0.21564606,0.22509769,-0.16938408,-0.08199952
-0.58896744,-0.62782925,0.30277574,-0.0802946,0.7149509,-0.6124649,-0.67998135,-0.46888041,0.38581875,0.2721094,-0.26883358,0.022052182
0.9693362,-0.21316409,0.8100112,-0.540374,1.1819092,-0.5640684,1.3482604,-0.5714586,1.0466186,0.6699837,-0.5653307,-0.5812773
0.47968155,-2.3336854,-0.06591242,-1.7856994,1.9622833,-2.6489866,0.25584412,-0.86955446,0.70510346,2.3321085,-1.7804452,3.013848
-1.1228455,0.7303306,-0.77566224,0.3041345,-1.6301463,1.308957,-1.8438556,1.1354996,0.4295639,-0.019512134,-0.0055052713,-0.28903925
-1.6087819,0.67367417,-2.0256333,-0.6964157,-1.8012515,0.5346134,-1.1424679,1.3389198,-0.6075182,0.061205126,-0.073112555,2.0052261
0.6403102,-0.46055055,0.11882031,-2.1518674,1.1405159,-0.8851322,0.40648374,1.8433897,-0.18818201,-0.9481071,0.70751196,-1.1554589
-0.76571506,-1.3571529,0.65227085,-0.5615564,1.3456737,-1.2085278,-1.0918828,-0.6734149,-0.66028243,-0.077229194,0.009998177,1.441249
0.80723274,-0.11299017,-0.33768287,-0.12569737,-0.22691602,-0.101223476,0.28811625,1.2811143,-1.2995471,-0.5528547,0.4942685,1.4850682
